# File,Row 1 & 2 Rotor blade roots,Sketch,Sketch4
# Arcs,"-5.805,3.665,4.638,2.338245,2.025078,1.500,1,-7.984:5.923;-8.537:5.208;-8.864:4.364;-8.936:3.463;-8.748:2.578;-8.316:1.784;-7.675:1.146;-6.878:0.717","-2.812,11.887,13.388,-1.919862,0.349066,1.500,0,-6.878:0.717;-6.089:0.461;-5.284:0.260;-4.467:0.116;-3.642:0.029;-2.812:-0.000"
# View,1.000000,-0.000000,0.000000,1.000000,1.0,1.0
Arc,Circle,X (mm),Y (mm)
2,1,-2.8125,-0.0000
2,2,-3.6417,0.0290
2,3,-4.4669,0.1157
2,4,-5.2841,0.2598
2,5,-6.0891,0.4605
2,6,-6.8783,0.7169
1,7,-7.6748,1.1456
1,8,-8.3159,1.7836
1,9,-8.7483,2.5780
1,10,-8.9361,3.4628
1,11,-8.8638,4.3644
1,12,-7.9835,5.9232
1,13,-8.5372,5.2079
